{
  "Delete Request" : {
    "transaction" : "Delete Request",
    "sampleCount" : 1850,
    "errorCount" : 605,
    "errorPct" : 32.7027,
    "meanResTime" : 14191.752972972983,
    "medianResTime" : 16601.5,
    "minResTime" : 0.0,
    "maxResTime" : 30269.0,
    "pct1ResTime" : 23264.600000000006,
    "pct2ResTime" : 30246.0,
    "pct3ResTime" : 30261.0,
    "throughput" : 28.841806588404037,
    "receivedKBytesPerSec" : 21.77247334568854,
    "sentKBytesPerSec" : 5.104804889075971
  },
  "booking Request" : {
    "transaction" : "booking Request",
    "sampleCount" : 1850,
    "errorCount" : 0,
    "errorPct" : 0.0,
    "meanResTime" : 17512.45297297295,
    "medianResTime" : 19695.0,
    "minResTime" : 3775.0,
    "maxResTime" : 34412.0,
    "pct1ResTime" : 25012.5,
    "pct2ResTime" : 26225.9,
    "pct3ResTime" : 27555.68,
    "throughput" : 53.60920339621548,
    "receivedKBytesPerSec" : 23.34932101046104,
    "sentKBytesPerSec" : 22.773440895853255
  },
  "Get Request" : {
    "transaction" : "Get Request",
    "sampleCount" : 1850,
    "errorCount" : 0,
    "errorPct" : 0.0,
    "meanResTime" : 15075.194054054062,
    "medianResTime" : 15159.0,
    "minResTime" : 1143.0,
    "maxResTime" : 24123.0,
    "pct1ResTime" : 22667.0,
    "pct2ResTime" : 23550.9,
    "pct3ResTime" : 24041.45,
    "throughput" : 39.41369466104223,
    "receivedKBytesPerSec" : 16.011813456048404,
    "sentKBytesPerSec" : 7.505537557522689
  },
  "Auth Request" : {
    "transaction" : "Auth Request",
    "sampleCount" : 1850,
    "errorCount" : 0,
    "errorPct" : 0.0,
    "meanResTime" : 335.8081081081078,
    "medianResTime" : 268.0,
    "minResTime" : 246.0,
    "maxResTime" : 2600.0,
    "pct1ResTime" : 361.7000000000003,
    "pct2ResTime" : 946.8999999999996,
    "pct3ResTime" : 1249.49,
    "throughput" : 40.16761838591311,
    "receivedKBytesPerSec" : 10.630297443928175,
    "sentKBytesPerSec" : 10.355714115118223
  },
  "Total" : {
    "transaction" : "Total",
    "sampleCount" : 9250,
    "errorCount" : 2015,
    "errorPct" : 21.783783,
    "meanResTime" : 15401.017081081056,
    "medianResTime" : 17285.5,
    "minResTime" : 0.0,
    "maxResTime" : 34412.0,
    "pct1ResTime" : 30254.0,
    "pct2ResTime" : 30260.0,
    "pct3ResTime" : 30269.0,
    "throughput" : 93.76203701826586,
    "receivedKBytesPerSec" : 46.70035434764429,
    "sentKBytesPerSec" : 28.33446787509883
  },
  "Update Request" : {
    "transaction" : "Update Request",
    "sampleCount" : 1850,
    "errorCount" : 1410,
    "errorPct" : 76.21622,
    "meanResTime" : 29889.877297297302,
    "medianResTime" : 30253.0,
    "minResTime" : 21842.0,
    "maxResTime" : 30570.0,
    "pct1ResTime" : 30265.0,
    "pct2ResTime" : 30268.0,
    "pct3ResTime" : 30412.15,
    "throughput" : 25.607662920104094,
    "receivedKBytesPerSec" : 16.107928296813576,
    "sentKBytesPerSec" : 11.80353212723548
  }
}