{
  "Delete Request" : {
    "transaction" : "Delete Request",
    "sampleCount" : 1800,
    "errorCount" : 21,
    "errorPct" : 1.1666666,
    "meanResTime" : 16400.323333333323,
    "medianResTime" : 15201.0,
    "minResTime" : 0.0,
    "maxResTime" : 28610.0,
    "pct1ResTime" : 23314.9,
    "pct2ResTime" : 25053.8,
    "pct3ResTime" : 25741.99,
    "throughput" : 35.162430896055945,
    "receivedKBytesPerSec" : 9.257036454161865,
    "sentKBytesPerSec" : 8.4165490515911
  },
  "booking Request" : {
    "transaction" : "booking Request",
    "sampleCount" : 1800,
    "errorCount" : 0,
    "errorPct" : 0.0,
    "meanResTime" : 10403.024444444432,
    "medianResTime" : 11697.5,
    "minResTime" : 2711.0,
    "maxResTime" : 16746.0,
    "pct1ResTime" : 13991.9,
    "pct2ResTime" : 14692.8,
    "pct3ResTime" : 15908.560000000001,
    "throughput" : 71.61043921069383,
    "receivedKBytesPerSec" : 31.189703015595164,
    "sentKBytesPerSec" : 30.420450250636538
  },
  "Get Request" : {
    "transaction" : "Get Request",
    "sampleCount" : 1800,
    "errorCount" : 0,
    "errorPct" : 0.0,
    "meanResTime" : 11882.62777777779,
    "medianResTime" : 11881.5,
    "minResTime" : 645.0,
    "maxResTime" : 19363.0,
    "pct1ResTime" : 17375.9,
    "pct2ResTime" : 18061.199999999993,
    "pct3ResTime" : 18805.0,
    "throughput" : 46.726545869892526,
    "receivedKBytesPerSec" : 18.982659259643842,
    "sentKBytesPerSec" : 8.89812152795805
  },
  "Auth Request" : {
    "transaction" : "Auth Request",
    "sampleCount" : 1800,
    "errorCount" : 0,
    "errorPct" : 0.0,
    "meanResTime" : 331.3538888888882,
    "medianResTime" : 269.0,
    "minResTime" : 246.0,
    "maxResTime" : 2073.0,
    "pct1ResTime" : 395.0,
    "pct2ResTime" : 951.9499999999998,
    "pct3ResTime" : 1122.92,
    "throughput" : 47.61904761904761,
    "receivedKBytesPerSec" : 12.60230654761905,
    "sentKBytesPerSec" : 12.276785714285715
  },
  "Total" : {
    "transaction" : "Total",
    "sampleCount" : 9000,
    "errorCount" : 42,
    "errorPct" : 0.46666667,
    "meanResTime" : 13025.609555555588,
    "medianResTime" : 12686.0,
    "minResTime" : 0.0,
    "maxResTime" : 30379.0,
    "pct1ResTime" : 26400.4,
    "pct2ResTime" : 27812.949999999997,
    "pct3ResTime" : 28860.749999999993,
    "throughput" : 117.89363374377784,
    "receivedKBytesPerSec" : 41.97796248690071,
    "sentKBytesPerSec" : 37.09750376604663
  },
  "Update Request" : {
    "transaction" : "Update Request",
    "sampleCount" : 1800,
    "errorCount" : 21,
    "errorPct" : 1.1666666,
    "meanResTime" : 26110.718333333345,
    "medianResTime" : 26370.0,
    "minResTime" : 17413.0,
    "maxResTime" : 30379.0,
    "pct1ResTime" : 28359.7,
    "pct2ResTime" : 28859.749999999996,
    "pct3ResTime" : 30252.0,
    "throughput" : 30.601315856581834,
    "receivedKBytesPerSec" : 12.565565709950528,
    "sentKBytesPerSec" : 14.10529402764319
  }
}