{
  "Delete Request" : {
    "transaction" : "Delete Request",
    "sampleCount" : 2500,
    "errorCount" : 655,
    "errorPct" : 26.2,
    "meanResTime" : 14941.019199999992,
    "medianResTime" : 17082.5,
    "minResTime" : 0.0,
    "maxResTime" : 31588.0,
    "pct1ResTime" : 26467.0,
    "pct2ResTime" : 27546.9,
    "pct3ResTime" : 30085.34999999992,
    "throughput" : 36.65312944419195,
    "receivedKBytesPerSec" : 25.889694583217267,
    "sentKBytesPerSec" : 6.584877880935975
  },
  "booking Request" : {
    "transaction" : "booking Request",
    "sampleCount" : 2500,
    "errorCount" : 0,
    "errorPct" : 0.0,
    "meanResTime" : 21004.515600000013,
    "medianResTime" : 24341.0,
    "minResTime" : 1196.0,
    "maxResTime" : 47308.0,
    "pct1ResTime" : 30571.200000000004,
    "pct2ResTime" : 32777.0,
    "pct3ResTime" : 35469.57999999999,
    "throughput" : 50.24317697656659,
    "receivedKBytesPerSec" : 21.834193119699343,
    "sentKBytesPerSec" : 21.34353709453756
  },
  "Get Request" : {
    "transaction" : "Get Request",
    "sampleCount" : 2500,
    "errorCount" : 0,
    "errorPct" : 0.0,
    "meanResTime" : 18667.726400000007,
    "medianResTime" : 18900.0,
    "minResTime" : 519.0,
    "maxResTime" : 30125.0,
    "pct1ResTime" : 27927.9,
    "pct2ResTime" : 28380.95,
    "pct3ResTime" : 28572.96,
    "throughput" : 39.41476950242795,
    "receivedKBytesPerSec" : 16.012250110361354,
    "sentKBytesPerSec" : 7.46725125338967
  },
  "Auth Request" : {
    "transaction" : "Auth Request",
    "sampleCount" : 2500,
    "errorCount" : 0,
    "errorPct" : 0.0,
    "meanResTime" : 454.38120000000066,
    "medianResTime" : 277.0,
    "minResTime" : 247.0,
    "maxResTime" : 2746.0,
    "pct1ResTime" : 1331.7000000000003,
    "pct2ResTime" : 1637.6499999999987,
    "pct3ResTime" : 1861.8999999999978,
    "throughput" : 39.08815159948716,
    "receivedKBytesPerSec" : 10.344618245567403,
    "sentKBytesPerSec" : 10.077414084242784
  },
  "Total" : {
    "transaction" : "Total",
    "sampleCount" : 12500,
    "errorCount" : 2867,
    "errorPct" : 22.936,
    "meanResTime" : 17047.39408,
    "medianResTime" : 20142.0,
    "minResTime" : 0.0,
    "maxResTime" : 47308.0,
    "pct1ResTime" : 30260.0,
    "pct2ResTime" : 30268.0,
    "pct3ResTime" : 32777.99,
    "throughput" : 115.37645028198004,
    "receivedKBytesPerSec" : 57.14663185855309,
    "sentKBytesPerSec" : 34.88257345441708
  },
  "Update Request" : {
    "transaction" : "Update Request",
    "sampleCount" : 2500,
    "errorCount" : 2212,
    "errorPct" : 88.48,
    "meanResTime" : 30169.327999999998,
    "medianResTime" : 30257.0,
    "minResTime" : 25556.0,
    "maxResTime" : 32813.0,
    "pct1ResTime" : 30270.0,
    "pct2ResTime" : 30278.0,
    "pct3ResTime" : 30359.949999999997,
    "throughput" : 28.461809943417922,
    "receivedKBytesPerSec" : 18.919054256748293,
    "sentKBytesPerSec" : 13.09132078452133
  }
}