{
  "Delete Request" : {
    "transaction" : "Delete Request",
    "sampleCount" : 1500,
    "errorCount" : 0,
    "errorPct" : 0.0,
    "meanResTime" : 8958.058666666655,
    "medianResTime" : 8050.5,
    "minResTime" : 258.0,
    "maxResTime" : 19659.0,
    "pct1ResTime" : 17011.8,
    "pct2ResTime" : 17732.7,
    "pct3ResTime" : 18639.94,
    "throughput" : 4.728445381727396,
    "receivedKBytesPerSec" : 1.1451703658871037,
    "sentKBytesPerSec" : 1.1405527434440106
  },
  "booking Request" : {
    "transaction" : "booking Request",
    "sampleCount" : 1500,
    "errorCount" : 0,
    "errorPct" : 0.0,
    "meanResTime" : 9460.755999999998,
    "medianResTime" : 8346.0,
    "minResTime" : 1677.0,
    "maxResTime" : 323294.0,
    "pct1ResTime" : 13546.300000000001,
    "pct2ResTime" : 17201.75,
    "pct3ResTime" : 28867.720000000005,
    "throughput" : 4.540913631822722,
    "receivedKBytesPerSec" : 1.9733462560167108,
    "sentKBytesPerSec" : 1.9290013963309418
  },
  "Get Request" : {
    "transaction" : "Get Request",
    "sampleCount" : 1500,
    "errorCount" : 0,
    "errorPct" : 0.0,
    "meanResTime" : 7901.763333333337,
    "medianResTime" : 8359.0,
    "minResTime" : 269.0,
    "maxResTime" : 23498.0,
    "pct1ResTime" : 11433.1,
    "pct2ResTime" : 11691.0,
    "pct3ResTime" : 12716.8,
    "throughput" : 4.5904408659407645,
    "receivedKBytesPerSec" : 1.8648666017884357,
    "sentKBytesPerSec" : 0.869673367180184
  },
  "Auth Request" : {
    "transaction" : "Auth Request",
    "sampleCount" : 1500,
    "errorCount" : 0,
    "errorPct" : 0.0,
    "meanResTime" : 558.9126666666671,
    "medianResTime" : 279.0,
    "minResTime" : 246.0,
    "maxResTime" : 11782.0,
    "pct1ResTime" : 1391.9,
    "pct2ResTime" : 1601.7000000000003,
    "pct3ResTime" : 3460.4600000000005,
    "throughput" : 4.601001177856301,
    "receivedKBytesPerSec" : 1.2176477726553296,
    "sentKBytesPerSec" : 1.1861956161660776
  },
  "Total" : {
    "transaction" : "Total",
    "sampleCount" : 7500,
    "errorCount" : 0,
    "errorPct" : 0.0,
    "meanResTime" : 8323.04293333332,
    "medianResTime" : 8219.5,
    "minResTime" : 246.0,
    "maxResTime" : 323294.0,
    "pct1ResTime" : 16233.7,
    "pct2ResTime" : 17818.8,
    "pct3ResTime" : 18927.94,
    "throughput" : 22.576896910878453,
    "receivedKBytesPerSec" : 7.923961669696989,
    "sentKBytesPerSec" : 7.1037853366064825
  },
  "Update Request" : {
    "transaction" : "Update Request",
    "sampleCount" : 1500,
    "errorCount" : 0,
    "errorPct" : 0.0,
    "meanResTime" : 14735.724000000006,
    "medianResTime" : 14614.5,
    "minResTime" : 260.0,
    "maxResTime" : 40202.0,
    "pct1ResTime" : 18455.6,
    "pct2ResTime" : 18577.95,
    "pct3ResTime" : 19138.460000000003,
    "throughput" : 4.601918693300527,
    "receivedKBytesPerSec" : 1.8740235303772652,
    "sentKBytesPerSec" : 2.116702836469285
  }
}