{
  "Delete Request" : {
    "transaction" : "Delete Request",
    "sampleCount" : 1900,
    "errorCount" : 960,
    "errorPct" : 50.526318,
    "meanResTime" : 9463.896842105265,
    "medianResTime" : 10621.5,
    "minResTime" : 0.0,
    "maxResTime" : 30389.0,
    "pct1ResTime" : 30245.0,
    "pct2ResTime" : 30256.0,
    "pct3ResTime" : 30266.0,
    "throughput" : 26.412733717939805,
    "receivedKBytesPerSec" : 26.564373436088133,
    "sentKBytesPerSec" : 3.871767915479252
  },
  "booking Request" : {
    "transaction" : "booking Request",
    "sampleCount" : 1900,
    "errorCount" : 0,
    "errorPct" : 0.0,
    "meanResTime" : 13046.888421052625,
    "medianResTime" : 13654.5,
    "minResTime" : 1057.0,
    "maxResTime" : 26517.0,
    "pct1ResTime" : 18667.80000000001,
    "pct2ResTime" : 19756.349999999995,
    "pct3ResTime" : 21449.02,
    "throughput" : 58.841746670795914,
    "receivedKBytesPerSec" : 25.628338882006815,
    "sentKBytesPerSec" : 24.996249806441625
  },
  "Get Request" : {
    "transaction" : "Get Request",
    "sampleCount" : 1900,
    "errorCount" : 0,
    "errorPct" : 0.0,
    "meanResTime" : 14972.417368421075,
    "medianResTime" : 15844.5,
    "minResTime" : 1886.0,
    "maxResTime" : 23918.0,
    "pct1ResTime" : 22350.9,
    "pct2ResTime" : 23195.9,
    "pct3ResTime" : 23703.95,
    "throughput" : 38.34742769491594,
    "receivedKBytesPerSec" : 15.578642501059601,
    "sentKBytesPerSec" : 7.3024886723716875
  },
  "Auth Request" : {
    "transaction" : "Auth Request",
    "sampleCount" : 1900,
    "errorCount" : 0,
    "errorPct" : 0.0,
    "meanResTime" : 369.7626315789479,
    "medianResTime" : 269.0,
    "minResTime" : 246.0,
    "maxResTime" : 2066.0,
    "pct1ResTime" : 881.8000000000002,
    "pct2ResTime" : 1110.0,
    "pct3ResTime" : 1338.95,
    "throughput" : 39.70658920398738,
    "receivedKBytesPerSec" : 10.508286791289628,
    "sentKBytesPerSec" : 10.236855029152997
  },
  "Total" : {
    "transaction" : "Total",
    "sampleCount" : 9500,
    "errorCount" : 2130,
    "errorPct" : 22.421053,
    "meanResTime" : 13413.822526315842,
    "medianResTime" : 12732.0,
    "minResTime" : 0.0,
    "maxResTime" : 30415.0,
    "pct1ResTime" : 30252.0,
    "pct2ResTime" : 30258.0,
    "pct3ResTime" : 30266.0,
    "throughput" : 95.46299552831232,
    "receivedKBytesPerSec" : 51.523620025875495,
    "sentKBytesPerSec" : 28.267958976033764
  },
  "Update Request" : {
    "transaction" : "Update Request",
    "sampleCount" : 1900,
    "errorCount" : 1170,
    "errorPct" : 61.57895,
    "meanResTime" : 29216.147368421018,
    "medianResTime" : 30249.0,
    "minResTime" : 19282.0,
    "maxResTime" : 30415.0,
    "pct1ResTime" : 30263.0,
    "pct2ResTime" : 30266.0,
    "pct3ResTime" : 30271.99,
    "throughput" : 26.927819271815075,
    "receivedKBytesPerSec" : 15.791305857509318,
    "sentKBytesPerSec" : 12.412041695602262
  }
}