{
  "Delete Request" : {
    "transaction" : "Delete Request",
    "sampleCount" : 1998,
    "errorCount" : 998,
    "errorPct" : 49.94995,
    "meanResTime" : 20637.870370370372,
    "medianResTime" : 24923.5,
    "minResTime" : 0.0,
    "maxResTime" : 32405.0,
    "pct1ResTime" : 31038.0,
    "pct2ResTime" : 31063.0,
    "pct3ResTime" : 31115.04,
    "throughput" : 27.340649716741016,
    "receivedKBytesPerSec" : 20.919455282369523,
    "sentKBytesPerSec" : 5.138639322025781
  },
  "booking Request" : {
    "transaction" : "booking Request",
    "sampleCount" : 2000,
    "errorCount" : 0,
    "errorPct" : 0.0,
    "meanResTime" : 15362.238999999976,
    "medianResTime" : 15828.5,
    "minResTime" : 2090.0,
    "maxResTime" : 25021.0,
    "pct1ResTime" : 19807.5,
    "pct2ResTime" : 21848.349999999995,
    "pct3ResTime" : 24142.760000000002,
    "throughput" : 61.11909054793264,
    "receivedKBytesPerSec" : 26.58247710899062,
    "sentKBytesPerSec" : 25.963676160498732
  },
  "Get Request" : {
    "transaction" : "Get Request",
    "sampleCount" : 2000,
    "errorCount" : 19,
    "errorPct" : 0.95,
    "meanResTime" : 20049.194499999998,
    "medianResTime" : 20966.0,
    "minResTime" : 1013.0,
    "maxResTime" : 30270.0,
    "pct1ResTime" : 28872.7,
    "pct2ResTime" : 29294.999999999996,
    "pct3ResTime" : 30220.36,
    "throughput" : 36.7640300729766,
    "receivedKBytesPerSec" : 15.037367907988823,
    "sentKBytesPerSec" : 6.978254507040312
  },
  "Auth Request" : {
    "transaction" : "Auth Request",
    "sampleCount" : 2000,
    "errorCount" : 19,
    "errorPct" : 0.95,
    "meanResTime" : 318.9034999999997,
    "medianResTime" : 273.0,
    "minResTime" : 0.0,
    "maxResTime" : 2205.0,
    "pct1ResTime" : 380.8000000000002,
    "pct2ResTime" : 688.8999999999996,
    "pct3ResTime" : 1026.99,
    "throughput" : 36.58112779616995,
    "receivedKBytesPerSec" : 10.301177712261994,
    "sentKBytesPerSec" : 9.34147682585554
  },
  "Total" : {
    "transaction" : "Total",
    "sampleCount" : 9997,
    "errorCount" : 3028,
    "errorPct" : 30.289087,
    "meanResTime" : 17265.672001600466,
    "medianResTime" : 18783.0,
    "minResTime" : 0.0,
    "maxResTime" : 32405.0,
    "pct1ResTime" : 30262.0,
    "pct2ResTime" : 30984.0,
    "pct3ResTime" : 31063.0,
    "throughput" : 92.46122399903811,
    "receivedKBytesPerSec" : 47.770670779150215,
    "sentKBytesPerSec" : 28.07393416577261
  },
  "Update Request" : {
    "transaction" : "Update Request",
    "sampleCount" : 1999,
    "errorCount" : 1992,
    "errorPct" : 99.649826,
    "meanResTime" : 29969.876938469268,
    "medianResTime" : 30256.0,
    "minResTime" : 1005.0,
    "maxResTime" : 30600.0,
    "pct1ResTime" : 30266.0,
    "pct2ResTime" : 30269.0,
    "pct3ResTime" : 30354.0,
    "throughput" : 23.923502237966442,
    "receivedKBytesPerSec" : 16.577206289343927,
    "sentKBytesPerSec" : 11.009124088956174
  }
}