{
  "Delete Request" : {
    "transaction" : "Delete Request",
    "sampleCount" : 1600,
    "errorCount" : 0,
    "errorPct" : 0.0,
    "meanResTime" : 13865.796250000005,
    "medianResTime" : 12576.0,
    "minResTime" : 6268.0,
    "maxResTime" : 26944.0,
    "pct1ResTime" : 22697.8,
    "pct2ResTime" : 26273.95,
    "pct3ResTime" : 26778.0,
    "throughput" : 29.17312425927614,
    "receivedKBytesPerSec" : 7.065366031543441,
    "sentKBytesPerSec" : 7.065366031543441
  },
  "booking Request" : {
    "transaction" : "booking Request",
    "sampleCount" : 1600,
    "errorCount" : 0,
    "errorPct" : 0.0,
    "meanResTime" : 9134.63437500001,
    "medianResTime" : 9395.5,
    "minResTime" : 1211.0,
    "maxResTime" : 22978.0,
    "pct1ResTime" : 12803.600000000002,
    "pct2ResTime" : 13563.0,
    "pct3ResTime" : 18003.500000000015,
    "throughput" : 54.89415720314269,
    "receivedKBytesPerSec" : 23.90897862558754,
    "sentKBytesPerSec" : 23.319295296256907
  },
  "Get Request" : {
    "transaction" : "Get Request",
    "sampleCount" : 1600,
    "errorCount" : 0,
    "errorPct" : 0.0,
    "meanResTime" : 10858.12562500001,
    "medianResTime" : 12253.5,
    "minResTime" : 262.0,
    "maxResTime" : 16975.0,
    "pct1ResTime" : 15992.8,
    "pct2ResTime" : 16611.95,
    "pct3ResTime" : 16769.99,
    "throughput" : 41.429311237700674,
    "receivedKBytesPerSec" : 16.8306576903159,
    "sentKBytesPerSec" : 7.889370792335578
  },
  "Auth Request" : {
    "transaction" : "Auth Request",
    "sampleCount" : 1600,
    "errorCount" : 0,
    "errorPct" : 0.0,
    "meanResTime" : 323.97187499999944,
    "medianResTime" : 269.0,
    "minResTime" : 245.0,
    "maxResTime" : 1107.0,
    "pct1ResTime" : 446.9000000000001,
    "pct2ResTime" : 845.0,
    "pct3ResTime" : 991.98,
    "throughput" : 41.53686396677051,
    "receivedKBytesPerSec" : 10.992666147455866,
    "sentKBytesPerSec" : 10.708722741433021
  },
  "Total" : {
    "transaction" : "Total",
    "sampleCount" : 8000,
    "errorCount" : 0,
    "errorPct" : 0.0,
    "meanResTime" : 11301.192874999995,
    "medianResTime" : 11014.0,
    "minResTime" : 245.0,
    "maxResTime" : 27225.0,
    "pct1ResTime" : 24117.00000000001,
    "pct2ResTime" : 26333.0,
    "pct3ResTime" : 26870.97,
    "throughput" : 121.54729709198092,
    "receivedKBytesPerSec" : 42.68399222097299,
    "sentKBytesPerSec" : 38.31588623172993
  },
  "Update Request" : {
    "transaction" : "Update Request",
    "sampleCount" : 1600,
    "errorCount" : 0,
    "errorPct" : 0.0,
    "meanResTime" : 22323.43624999997,
    "medianResTime" : 23245.0,
    "minResTime" : 6225.0,
    "maxResTime" : 27225.0,
    "pct1ResTime" : 26577.9,
    "pct2ResTime" : 26862.95,
    "pct3ResTime" : 27025.96,
    "throughput" : 29.193351214260954,
    "receivedKBytesPerSec" : 11.888308062838687,
    "sentKBytesPerSec" : 13.456310325323408
  }
}