{
  "Delete Request" : {
    "transaction" : "Delete Request",
    "sampleCount" : 1700,
    "errorCount" : 0,
    "errorPct" : 0.0,
    "meanResTime" : 14917.578823529415,
    "medianResTime" : 14256.0,
    "minResTime" : 6262.0,
    "maxResTime" : 23635.0,
    "pct1ResTime" : 20826.8,
    "pct2ResTime" : 21099.95,
    "pct3ResTime" : 23384.99,
    "throughput" : 43.994720633523976,
    "receivedKBytesPerSec" : 10.654971403431588,
    "sentKBytesPerSec" : 10.654971403431588
  },
  "booking Request" : {
    "transaction" : "booking Request",
    "sampleCount" : 1700,
    "errorCount" : 0,
    "errorPct" : 0.0,
    "meanResTime" : 11247.019999999997,
    "medianResTime" : 12476.0,
    "minResTime" : 1782.0,
    "maxResTime" : 21214.0,
    "pct1ResTime" : 16667.9,
    "pct2ResTime" : 17772.0,
    "pct3ResTime" : 19438.810000000005,
    "throughput" : 59.08111489539167,
    "receivedKBytesPerSec" : 25.732594964203795,
    "sentKBytesPerSec" : 25.097934550288453
  },
  "Get Request" : {
    "transaction" : "Get Request",
    "sampleCount" : 1700,
    "errorCount" : 0,
    "errorPct" : 0.0,
    "meanResTime" : 10852.510588235287,
    "medianResTime" : 10614.0,
    "minResTime" : 2830.0,
    "maxResTime" : 15780.0,
    "pct1ResTime" : 14768.0,
    "pct2ResTime" : 15183.8,
    "pct3ResTime" : 15685.97,
    "throughput" : 45.53368153207446,
    "receivedKBytesPerSec" : 18.49805812240525,
    "sentKBytesPerSec" : 8.67096474487746
  },
  "Auth Request" : {
    "transaction" : "Auth Request",
    "sampleCount" : 1700,
    "errorCount" : 0,
    "errorPct" : 0.0,
    "meanResTime" : 305.36352941176443,
    "medianResTime" : 269.0,
    "minResTime" : 246.0,
    "maxResTime" : 2335.0,
    "pct1ResTime" : 302.0,
    "pct2ResTime" : 325.0,
    "pct3ResTime" : 1426.93,
    "throughput" : 49.41860465116279,
    "receivedKBytesPerSec" : 13.078556504360465,
    "sentKBytesPerSec" : 12.740734011627907
  },
  "Total" : {
    "transaction" : "Total",
    "sampleCount" : 8500,
    "errorCount" : 0,
    "errorPct" : 0.0,
    "meanResTime" : 12194.472588235305,
    "medianResTime" : 11730.0,
    "minResTime" : 246.0,
    "maxResTime" : 26037.0,
    "pct1ResTime" : 24171.7,
    "pct2ResTime" : 24891.95,
    "pct3ResTime" : 25443.0,
    "throughput" : 121.79046309032555,
    "receivedKBytesPerSec" : 42.769385280547915,
    "sentKBytesPerSec" : 38.39254051323934
  },
  "Update Request" : {
    "transaction" : "Update Request",
    "sampleCount" : 1700,
    "errorCount" : 0,
    "errorPct" : 0.0,
    "meanResTime" : 23649.89000000001,
    "medianResTime" : 24170.5,
    "minResTime" : 19809.0,
    "maxResTime" : 26037.0,
    "pct1ResTime" : 25312.5,
    "pct2ResTime" : 25443.0,
    "pct3ResTime" : 25985.99,
    "throughput" : 31.873406329683515,
    "receivedKBytesPerSec" : 12.979697694802761,
    "sentKBytesPerSec" : 14.691648230088497
  }
}