{
  "Delete Request" : {
    "transaction" : "Delete Request",
    "sampleCount" : 500,
    "errorCount" : 0,
    "errorPct" : 0.0,
    "meanResTime" : 1971.4119999999991,
    "medianResTime" : 2186.5,
    "minResTime" : 262.0,
    "maxResTime" : 3729.0,
    "pct1ResTime" : 3089.2000000000003,
    "pct2ResTime" : 3154.5499999999997,
    "pct3ResTime" : 3267.86,
    "throughput" : 45.947436133063775,
    "receivedKBytesPerSec" : 11.127894688476383,
    "sentKBytesPerSec" : 11.083024145377689
  },
  "booking Request" : {
    "transaction" : "booking Request",
    "sampleCount" : 500,
    "errorCount" : 0,
    "errorPct" : 0.0,
    "meanResTime" : 2170.5820000000017,
    "medianResTime" : 2219.5,
    "minResTime" : 1187.0,
    "maxResTime" : 3248.0,
    "pct1ResTime" : 2707.5,
    "pct2ResTime" : 2826.8999999999996,
    "pct3ResTime" : 3013.9,
    "throughput" : 40.21232105517131,
    "receivedKBytesPerSec" : 17.475080927296126,
    "sentKBytesPerSec" : 17.082382479491717
  },
  "Get Request" : {
    "transaction" : "Get Request",
    "sampleCount" : 500,
    "errorCount" : 0,
    "errorPct" : 0.0,
    "meanResTime" : 1263.2619999999997,
    "medianResTime" : 1335.5,
    "minResTime" : 264.0,
    "maxResTime" : 1960.0,
    "pct1ResTime" : 1706.9,
    "pct2ResTime" : 1788.0,
    "pct3ResTime" : 1852.7100000000003,
    "throughput" : 44.82696790389098,
    "receivedKBytesPerSec" : 18.210955710955712,
    "sentKBytesPerSec" : 8.492609153666846
  },
  "Auth Request" : {
    "transaction" : "Auth Request",
    "sampleCount" : 500,
    "errorCount" : 0,
    "errorPct" : 0.0,
    "meanResTime" : 285.5480000000002,
    "medianResTime" : 276.0,
    "minResTime" : 242.0,
    "maxResTime" : 997.0,
    "pct1ResTime" : 325.80000000000007,
    "pct2ResTime" : 340.95,
    "pct3ResTime" : 367.0,
    "throughput" : 44.859142293199355,
    "receivedKBytesPerSec" : 11.871901915485376,
    "sentKBytesPerSec" : 11.565247622465458
  },
  "Total" : {
    "transaction" : "Total",
    "sampleCount" : 2500,
    "errorCount" : 0,
    "errorPct" : 0.0,
    "meanResTime" : 1585.3240000000008,
    "medianResTime" : 1645.5,
    "minResTime" : 242.0,
    "maxResTime" : 3729.0,
    "pct1ResTime" : 2723.8,
    "pct2ResTime" : 3018.8999999999996,
    "pct3ResTime" : 3227.9799999999996,
    "throughput" : 163.40937316164457,
    "receivedKBytesPerSec" : 57.35286007255376,
    "sentKBytesPerSec" : 51.416503938165896
  },
  "Update Request" : {
    "transaction" : "Update Request",
    "sampleCount" : 500,
    "errorCount" : 0,
    "errorPct" : 0.0,
    "meanResTime" : 2235.815999999998,
    "medianResTime" : 2345.5,
    "minResTime" : 1076.0,
    "maxResTime" : 3358.0,
    "pct1ResTime" : 3090.9,
    "pct2ResTime" : 3116.95,
    "pct3ResTime" : 3302.6600000000003,
    "throughput" : 41.97447951645399,
    "receivedKBytesPerSec" : 17.09312300621222,
    "sentKBytesPerSec" : 19.306620949462726
  }
}